{
  "correlation_matrix": {
    "views": {
      "views": 1.0,
      "mAP50": 0.20657586646604514,
      "mAP50_95": 0.21505398702609066,
      "precision": 0.5229298376222453,
      "recall": 0.18649999573459822,
      "f1": 0.31315651735702116,
      "training_time": 0.9278984789684765
    },
    "mAP50": {
      "views": 0.20657586646604514,
      "mAP50": 1.0,
      "mAP50_95": 0.9998548982632945,
      "precision": 0.8665836541332681,
      "recall": 0.9952447032298168,
      "f1": 0.9768975049424584,
      "training_time": 0.4801621997633275
    },
    "mAP50_95": {
      "views": 0.21505398702609066,
      "mAP50": 0.9998548982632945,
      "mAP50_95": 1.0,
      "precision": 0.874703300937185,
      "recall": 0.9963284941107039,
      "f1": 0.9803950040414174,
      "training_time": 0.4908002037372388
    },
    "precision": {
      "views": 0.5229298376222453,
      "mAP50": 0.8665836541332681,
      "mAP50_95": 0.874703300937185,
      "precision": 1.0,
      "recall": 0.8894088128097203,
      "f1": 0.9506420922462688,
      "training_time": 0.7946454026799474
    },
    "recall": {
      "views": 0.18649999573459822,
      "mAP50": 0.9952447032298168,
      "mAP50_95": 0.9963284941107039,
      "precision": 0.8894088128097203,
      "recall": 1.0,
      "f1": 0.9872932016262977,
      "training_time": 0.48312770517326153
    },
    "f1": {
      "views": 0.31315651735702116,
      "mAP50": 0.9768975049424584,
      "mAP50_95": 0.9803950040414174,
      "precision": 0.9506420922462688,
      "recall": 0.9872932016262977,
      "f1": 1.0,
      "training_time": 0.6067390118509305
    },
    "training_time": {
      "views": 0.9278984789684765,
      "mAP50": 0.4801621997633275,
      "mAP50_95": 0.4908002037372388,
      "precision": 0.7946454026799474,
      "recall": 0.48312770517326153,
      "f1": 0.6067390118509305,
      "training_time": 1.0
    }
  },
  "performance_statistics": {
    "views": {
      "count": 4.0,
      "mean": 9.5,
      "std": 9.983319421247959,
      "min": 2.0,
      "25%": 3.5,
      "50%": 6.0,
      "75%": 12.0,
      "max": 24.0
    },
    "mAP50": {
      "count": 4.0,
      "mean": 0.8036196395816277,
      "std": 0.23037734488963924,
      "min": 0.4764262683446825,
      "25%": 0.7253218665122729,
      "50%": 0.882516923457082,
      "75%": 0.9608146965264367,
      "max": 0.9730184430676646
    },
    "mAP50_95": {
      "count": 4.0,
      "mean": 0.7781724244532547,
      "std": 0.22657692929134804,
      "min": 0.4558926872191053,
      "25%": 0.7026289067903205,
      "50%": 0.854218222891601,
      "75%": 0.9297617405545352,
      "max": 0.9483605648107114
    },
    "precision": {
      "count": 4.0,
      "mean": 0.8221485930757967,
      "std": 0.12176116299283055,
      "min": 0.6573476744897854,
      "25%": 0.7738971466907535,
      "50%": 0.8449658466128489,
      "75%": 0.8932172929978921,
      "max": 0.9413150045877033
    },
    "recall": {
      "count": 4.0,
      "mean": 0.75982241204988,
      "std": 0.22915172125985978,
      "min": 0.4405887894009931,
      "25%": 0.674541319957795,
      "50%": 0.8210096874744394,
      "75%": 0.9062907795665244,
      "max": 0.956681483849648
    },
    "f1": {
      "count": 4.0,
      "mean": 0.7839963303495527,
      "std": 0.18066165391958133,
      "min": 0.52757154105745,
      "25%": 0.7394584462404381,
      "50%": 0.8297388704216564,
      "75%": 0.874276754530771,
      "max": 0.9489360394974481
    },
    "training_time": {
      "count": 4.0,
      "mean": 1.259367215865188,
      "std": 0.0025269609248774966,
      "min": 1.2567103961441253,
      "25%": 1.2576831310325198,
      "50%": 1.259169210659133,
      "75%": 1.2608532954918013,
      "max": 1.2624200459983614
    }
  },
  "best_performing_config": "octal",
  "most_efficient_config": "octal"
}